{"cameraMode":{"drawMode":0,"name":"Shaded","section":"Shading Mode"},"sceneLighting":true,"audioPlay":false,"sceneViewState":{"showFog":true,"showMaterialUpdate":false,"showSkybox":true,"showFlares":true,"showImageEffects":true,"showParticleSystems":true},"in2DMode":false,"pivot":{"x":-215.00656127929688,"y":-92.98667907714844,"z":113.92057800292969},"rotation":{"x":0.15605227649211884,"y":-0.5910380482673645,"z":0.1178411990404129,"w":0.7826180458068848},"size":353.0926513671875,"orthographic":false}