{"cameraMode":{"drawMode":0,"name":"Shaded","section":"Shading Mode"},"sceneLighting":false,"audioPlay":false,"sceneViewState":{"showFog":false,"showMaterialUpdate":false,"showSkybox":false,"showFlares":false,"showImageEffects":false,"showParticleSystems":false},"in2DMode":false,"pivot":{"x":383.2947692871094,"y":200.88909912109376,"z":-207.59625244140626},"rotation":{"x":0.1375320702791214,"y":0.020798932760953904,"z":-0.002888632705435157,"w":0.9902751445770264},"size":930.1163940429688,"orthographic":true}