{"cameraMode":{"drawMode":0,"name":"Shaded","section":"Shading Mode"},"sceneLighting":false,"audioPlay":false,"sceneViewState":{"showFog":false,"showMaterialUpdate":false,"showSkybox":false,"showFlares":false,"showImageEffects":false,"showParticleSystems":false},"in2DMode":false,"pivot":{"x":-31.171188354492189,"y":-2.8057022094726564,"z":10.740039825439454},"rotation":{"x":-0.2551504671573639,"y":0.5518150329589844,"z":-0.182196244597435,"w":-0.7727997899055481},"size":153.81930541992188,"orthographic":false}