{"cameraMode":{"drawMode":0,"name":"Shaded","section":"Shading Mode"},"sceneLighting":true,"audioPlay":false,"sceneViewState":{"showFog":false,"showMaterialUpdate":false,"showSkybox":false,"showFlares":false,"showImageEffects":false,"showParticleSystems":false},"in2DMode":false,"pivot":{"x":-8.391132354736329,"y":-63.729034423828128,"z":90.21047973632813},"rotation":{"x":0.237101748585701,"y":-0.011657408438622952,"z":0.0028457320295274259,"w":0.9714140892028809},"size":163.55514526367188,"orthographic":false}